ResourceID,card,card_order,name_content,name_content_type,name_content_language,identifier_content,organisation_type,alt_names,other_identifier_content,other_identifier_type
42532821-513f-5350-a0cb-57ce5e11b92a,religious_order,0,Franciscanessen van Veghel,Primary,Nederlands,https://n2t.net/ark:/15052/0a306ffd-cbaa-4361-a90d-37080645c471,Religious Order,"['Zusters Franciscanessen', 'Franciscanessen van Veghel SFIC', 'Zusters Franciscanessen der Onbevlekte Ontvangenis van de Heilige Moeder Gods', 'Franciscan Sisters of the Immaculate Conception', 'Zusters Franciscanessen SFIC', 'S.F.I.C.', 'SFIC']",http://www.wikidata.org/entity/Q83546129,"""Brabant Cloud ARK Identifier"""
531f4e29-3bc1-5072-a5b2-61a5612c35e0,religious_order,0,Zusters van Liefde van Tilburg,Primary,Nederlands,https://n2t.net/ark:/15052/9cc891f8-15a6-441b-aefa-da2b7f749b24,Religious Order,"['Sorores Caritatis Matris Misericordiae, S.C.M.M.', 'Zusters van Liefde van Onze Lieve Vrouw, Moeder van Barmhartigheid', 'Zusters van Liefde van Onze Lieve Vrouwe van Barmhartigheid SCMM', 'Zusters van Tilburg', 'Zusters van Liefde van O.L.V. Moeder van Barmhartigheid', 'S.C.M.M.', 'SCMM', 'De Zusters van Liefde van Tilburg', 'De Zusters van Liefde van Tilburg SCMM']",http://www.wikidata.org/entity/Q2125209,"""Brabant Cloud ARK Identifier"""
782de6b5-f42b-52f6-99f5-cca3a732d84d,religious_order,0,Catechisten van Breda,Primary,Nederlands,https://n2t.net/ark:/15052/94e8330e-aea1-4400-a869-5a03b7be4af5,Religious Order,"['Catechisten van de Eucharistische Kruistocht', 'Vereniging van Catechisten']",,
27e9a889-0461-57c9-bfa8-1d11f295b493,religious_order,0,Zusters van Barmhartigheid (Eindhoven),Primary,Nederlands,https://n2t.net/ark:/15052/6e6b3547-c126-4425-b6cb-a4afdbb691ad,Religious Order,"['Zusters van Barmhartigheid (van Ronse)', 'Zusters van Ronse', 'Zusters van Barmhartigheid van Ronse']",http://www.wikidata.org/entity/Q2251726,"""Brabant Cloud ARK Identifier"""
7d309022-f075-56ac-a9b9-dcb5048b12cb,religious_order,0,Franciscanessen van Dongen,Primary,Nederlands,https://n2t.net/ark:/15052/52634174-2d54-470a-8ff7-9e8eeba37a8c,Religious Order,"['Penitenten-Recollectinen van de Reforme van Limburg', 'P.R.', 'PR']",http://www.wikidata.org/entity/Q7477326,"""Brabant Cloud ARK Identifier"""
1f45c556-d5cd-5eaa-8503-ee9abf66f86e,religious_order,0,Zusters van het Allerheiligste Hart van Jezus,Primary,Nederlands,https://n2t.net/ark:/15052/6fd44889-82b5-4f25-ab6a-3079ca890cb1,Religious Order,"['S.S.C.J.', 'Sorores Sanctissimi Cordis Jesu', 'SSCJ', 'Zusters van Moerdijk', 'Zusters van het Allerheiligst H. Hart van Jezus SSCJ', 'Zusters van het Allerheiligst Heilig Hart van Jezus SSCJ', 'Zusters van het Heilig Hart']",http://www.wikidata.org/entity/Q2109226,"""Brabant Cloud ARK Identifier"""
a2312c32-1a3d-5178-9a09-13a30628259d,religious_order,0,Franciscanessen van Mariadal,Primary,Nederlands,https://n2t.net/ark:/15052/1bca3c7c-c66b-44d9-8f75-bbeef570e438,Religious Order,"['Franciscanessen van Mariadal PR', 'Franciscanessen van Roosendaal', 'Franciscanessen ‘Mariadal’']",http://www.wikidata.org/entity/Q2174496,"""Brabant Cloud ARK Identifier"""
fdeaf0dc-8646-5009-bc54-f43dde0fcbcc,religious_order,0,Dochters van Onze Lieve Vrouw van het Heilig Hart,Primary,Nederlands,https://n2t.net/ark:/15052/209bd9fa-9cd6-448e-b2f8-49b23e89775e,Religious Order,"['Gutjesnonnen', 'Dochters van O.L. Vrouw van het Heilig Hart FDNSC', 'FDNSC', 'Filia Dominae Nostrae a Sacro Corde', 'F.D.N.S.C.', 'Dochters OLV H. Hart', 'Dochters van Onze Lieve Vrouw van het Heilig Hart FDNSC']",http://www.wikidata.org/entity/Q2165573,"""Brabant Cloud ARK Identifier"""
2d6cb0d2-bbca-56e1-874d-110f790cca20,religious_order,0,Priesters van het Heilig Hart van Jezus,Primary,Nederlands,https://n2t.net/ark:/15052/0c3334c4-fc20-4c38-b412-e43b359b8cbe,Religious Order,"['Priesters van het Heilig Hart van Jezus SCJ', 'Priesters van het H. Hart van Jezus', 'Priestercongregatie van het H. Hart van Jezus', 'Priestercongregatie van het Heilig Hart van Jezus', 'S.C.I.', 'S.C.J.', 'SCI', 'SCJ', 'Priesters van het H. Hart van Jezus SCJ']",http://www.wikidata.org/entity/Q1183068,"""Brabant Cloud ARK Identifier"""
02d58f50-7128-527d-9856-605885034bfe,religious_order,0,"Zusters van Liefde van Jezus en Maria, Moeder van Goede Bijstand",Primary,Nederlands,https://n2t.net/ark:/15052/578e9787-b9db-41ec-90e5-d4a7c0a7b98f,Religious Order,"['Zusters van Schijndel', 'Congregatie van de Zusters van Liefde', 'Congregatie Zusters van Liefde', 'Zusters van Liefde van Schijndel', 'Zusters van Liefde (Schijndel)', 'Zusters van Liefde van Jezus en Maria van Goede Bijstand', 'Zusters van Liefde van Jezus en Maria, Troosteres der Bedrukten']",https://www.wikidata.org/entity/Q2438265,"""Brabant Cloud ARK Identifier"""
5e270727-0bf2-5000-a583-a10ee8e0e51b,religious_order,0,Missiezusters Franciscanessen van de Heilige Antonius van Padua,Primary,Nederlands,https://n2t.net/ark:/15052/4d11966f-aff2-4578-9da6-5d0cb364dfde,Religious Order,"['Missiezusters van Asten', 'Franciscanessen van Asten', 'Missiezusters Franciscanessen van de H. Antonius van Padua']",http://www.wikidata.org/entity/Q114769572,"""Brabant Cloud ARK Identifier"""
015e07c9-dd99-53c3-8d46-e9389c59e16a,religious_order,0,Dochters van Onze Lieve Vrouw,Nederlands,Nederlands,https://n2t.net/ark:/15052/db71d7b9-da72-436f-9ea1-63a1c1b9ac6e,Religious Order,"['Dochters van O.L. Vrouw', 'Zusters van het Gezelschap van Maria', 'S.C.M.', 'SCM']",http://www.wikidata.org/entity/Q30301670,Brabant Cloud ARK Identifier
34268870-9a29-5635-bd64-6031668fda05,religious_order,0,Franciscanessen van Herentals,Primary,Nederlands,https://n2t.net/ark:/15052/0c5f73ce-77c8-4ba4-89b5-221f9c4ba082,Religious Order,"['Zusters Franciscanessen van Herentals', 'Franciscanessen van Sint-Josefdal te Herentals']",,
860194da-b016-59c3-a816-9654bc342cb2,religious_order,0,Missionarissen van Afrika,Nederlands,Nederlands,https://n2t.net/ark:/15052/a37f5cc6-5593-401c-96b7-f2c758850555,Religious Order,"['M.Afr.', 'MAfr', 'P.A.', 'PA', 'Sociëteit der Missionarissen van Afrika', 'PB', 'Pères Blancs', 'WF', 'White Fathers', 'WP', 'MAFR', 'Witte Paters', 'Patres Albi (p.a.)']",https://www.wikidata.org/entity/Q278165,Brabant Cloud ARK Identifier
510c2716-475b-5c8a-8028-e43e5607d4f9,religious_order,0,Broeders van de Christelijke Scholen,Primary,Nederlands,https://n2t.net/ark:/15052/8191a671-d0c3-46b1-a63d-e07a1c1a6bca,Religious Order,"['Broeders van de Christelijke Scholen FSC', 'Fratres Scolarum Christianorum', 'FSC', 'F.S.C.', 'Lasallianen', 'Broeders van de la Salle']",http://www.wikidata.org/entity/Q138579,"""Brabant Cloud ARK Identifier"""
3e5a2623-2551-5c18-92c3-c8828035f6ae,religious_order,0,Congregatie van de Heilige Geest,Nederlands,Nederlands,https://n2t.net/ark:/15052/fc9effe4-f807-497e-bbe8-58874204b1a3,Religious Order,"['Paters van de H. Geest CSSP', 'Congregatie van de H. Geest', 'Congregatie van de H. Geest onder bescherming van het Onbevlekt Hart van Maria', 'Congregatie van de Heilige Geest CSSP', 'Congregatie van de Heilige Geest onder bescherming van het Onbevlekt Hart van Maria', 'Congregatio Sancti Spiritus sub tutela Immaculati Cordis Beatissimae Virginis Mariae', 'Paters van de Heilige Geest CSSP', 'Congregatie van de Paters van de Heilige Geest', 'Spiritanen', 'Spiritijnen', 'C.S.S.p', 'CSSp', 'Paters van de Heilige Geest']",https://www.wikidata.org/entity/Q687562,Brabant Cloud ARK Identifier
62baaf97-86e1-5a9d-ac45-ad7ef1e5f920,religious_order,0,"Franciscanessen ""Alles voor Allen",Nederlands,Nederlands,https://n2t.net/ark:/15052/d3b47166-f25d-457f-917f-30f8b6c00b65,Religious Order,"[""Franciscanessen 'Alles voor Allen'"", 'Zusters Franciscanessen Alles voor Allen', ""Congregatie 'Alles voor Allen'"", 'Franciscanessen Gasthuiszusters', 'Franciscanessen van Maria Mater Dei', 'Gasthuiszusters van Breda', 'Penitenten-Recollectinen van de Haagdijk', 'P.R.', 'PR', 'Zusters Franciscanessen', 'Penitenten-Recollectinen van het R.K. Gasthuis aan de Haagdijk', 'Franciscanessen Alles voor Allen']",,
2d602183-4741-5182-955d-a96933198065,religious_order,0,Dominicanessen van de Heilige Catharina van Siena,Nederlands,Nederlands,https://n2t.net/ark:/15052/6b404890-c823-45af-bd12-61c5e6729544,Religious Order,"['Congregatie van de H. Catharina v. Senen', 'D.S.C.S.', 'Dominicanessen van de Heilige Catharina van Siena (Portugal)', 'DSCS', 'Dominicanessen van de H. Catharina van Siena', 'Congregatie van de Heilige Catharina van Senen', 'Dominicanas de Santa Catarina de Sena', 'Dominicanessen van Voorschoten']",http://www.wikidata.org/entity/Q64152419,Brabant Cloud ARK Identifier
5b2fe170-e536-5c0d-b553-d329b81ea10a,religious_order,0,Benedictinessen van de Altijddurende Aanbidding van het Heilig Sacrament,Nederlands,Nederlands,https://n2t.net/ark:/15052/da47b501-9211-47ad-b30f-ebcb120f711c,Religious Order,"['Benedictinessen van de Altijddurende Aanbidding van het Heilig Sacrament OSBADPERP', 'Benedictinessen van het H. Sacrament OSBADPERP', 'Benedictinessen van het H. Sacrament', 'Benedictinessen van Altijddurende Aanbidding van het Allerheiligste Sacrament', 'Benedictinessen van het Heilig Sacrament', 'Benedictinessen van het Heilige Sacrament']",https://www.wikidata.org/entity/Q595573,Brabant Cloud ARK Identifier
a8ee6119-03dd-5a71-a0c7-faf0517ace5f,religious_order,0,Ursulinen,Nederlands,Nederlands,https://n2t.net/ark:/15052/769f8b6e-4523-4c2f-9d6c-dc5629bbef94,Religious Order,"['Orde van de Ursulinen', 'Ursulinen van de Romeinse Unie OSU', 'Orde van Sint-Ursula', 'O.S.U.', 'Ordo Sanctae Ursulae', 'OSU', 'Ursulinen (van de Romeinse Unie)', 'Ursulinen van de Romeinse Unie', 'Zusters van de Romeinse Unie']",http://www.wikidata.org/entity/Q2250880,Brabant Cloud ARK Identifier
0028e05b-7a11-52b1-9ea7-b282bf17bc7f,religious_order,0,Franciscaner Broeders van het Heilige Kruis,Nederlands,Nederlands,https://n2t.net/ark:/15052/2c623170-164f-46ac-aad3-07641e4b98d7,Religious Order,"['Broeders van het Heilige Kruis', 'Broeders Franciscanen van het Heilig Kruis', 'F.F.S.C.', 'FFSC', 'Broeders Franciscanen van het H. Kruis', 'Broeders van het H. Kruis', 'Franciscaner Broeders van het H. Kruis']",http://www.wikidata.org/entity/Q317052,Brabant Cloud ARK Identifier
6f43ee8a-d323-5535-b3f1-00ff0a8ab886,religious_order,0,Assumptionisten,Nederlands,Nederlands,https://n2t.net/ark:/15052/57b5de69-0e13-4c09-b96d-51fdc37a2d04,Religious Order,"['Augustijnen van de Assumptie', 'Augustiniani ab Assumptione', 'Paters Assumptionisten', 'Assumptionisten A.A.', 'A.A.', 'AA', 'Congregatio Augustinianorum ab Assumptione', 'Augustijnen van O.L. Vrouw ten Hemelopneming', 'Congregatie van de Paters Assumptionisten', 'Congregatie van de Priesters van Onze Lieve Vrouw Hemelvaart', 'Priesters van Onze Lieve Vrouw ten Hemelopneming', 'Priesters van O.L. Vrouw ten Hemelopneming', 'Assumptionisten AA']",http://www.wikidata.org/entity/Q745449,Brabant Cloud ARK Identifier
d750ac0d-bfcc-50dd-b11c-fa50278392f4,religious_order,0,Zusters van Julie Postel,Primary,Nederlands,https://n2t.net/ark:/15052/a1c336fe-2a58-4f79-a53a-20b22ab45b1c,Religious Order,S.M.M.P.,http://www.wikidata.org/entity/Q2257343,"""Brabant Cloud ARK Identifier"""
30386be8-8358-5d5b-b9a3-48780fc7f03b,religious_order,0,Dochters van Maria en Joseph,Primary,Nederlands,https://n2t.net/ark:/15052/965fcb88-f9ec-4e43-918c-19c289a2fd25,Religious Order,"['Omnibus Charitas', 'Congregatie van de Dochters van Maria en Joseph', 'Liefdezusters van Maria en Joseph', 'Zusters van Omnibus Charitas', 'Zusters van de Choorstraat', 'Dochters van Maria en Josef']",https://www.wikidata.org/entity/Q2542961,"""Brabant Cloud ARK Identifier"""
52186742-5e6e-51ee-9a87-9030e2a5bfb4,religious_order,0,Franciscanessen van Bergen op Zoom,Primary,Nederlands,https://n2t.net/ark:/15052/53811934-87a2-478c-b42a-ed96b1843ae0,Religious Order,,,
0dc5b5a7-9ea4-5fda-9c04-cc11816bd679,religious_order,0,Broeders van Oudenbosch,Primary,Nederlands,https://n2t.net/ark:/15052/e96843fd-1a4c-40e6-9e13-07a1b261ebd2,Religious Order,"['Broeders van de Heilige Aloysius Gonzaga', 'Broeders van Saint-Louis', 'Broeders van de H. Aloysius Gonzaga', 'C.S.A.L.', 'Congregatio Sancti Aloysii', 'CSAL', 'C.S.A.', 'CSA', 'Broeders van de H. Aloysius Gonzaga CSAL', 'Broeders van Saint Louis', 'Broeders van Saint Louis CSAL', 'Broeders van de Heilige Aloysius Gonzaga CSAL']",http://www.wikidata.org/entity/Q1935332,"""Brabant Cloud ARK Identifier"""
5174c5e7-411d-510d-a30a-8038becc510e,religious_order,0,Reguliere Kanunnikessen van de Heilige Augustinus (Windesheim),Nederlands,Nederlands,https://n2t.net/ark:/15052/dc0aa06e-7d68-40dc-93f6-ec2193fba77c,Religious Order,"['Augustinessen van Windesheim', 'Augustinessen', 'Reguliere Kanunnikessen van de H. Augustinus', 'Reguliere Kanunnikessen van de H. Augustinus (Windesheim)', 'Reguliere Kanunnikessen van Windesheim', 'CRW', 'Zusters Augustinessen van Windesheim', 'C.R.W.', 'Canonicae Regulares Windeshemenses']",,
896df918-49f6-5b72-b8fa-aef37f1d84a5,religious_order,0,Franciscanessen van Oudenbosch,Primary,Nederlands,https://n2t.net/ark:/15052/5ed337e7-9c65-42db-baff-98df06d85a27,Religious Order,"['Franciscanessen van St. Anna', 'Penitenten-Recollectinen van de Reguliere Derde Orde van de H. Franciscus van Assisi', 'Penitenten-Recollectinen van de Reguliere Derde Orde van de Heilige Franciscus van Assisi', 'F.S.A.', 'FSA', 'Franciscanessen van Sint-Anna', 'Franciscanessen van Sint Anna']",http://www.wikidata.org/entity/Q2147844,"""Brabant Cloud ARK Identifier"""
927d230e-7dd1-566a-8b3e-0024ab69fa3a,religious_order,0,Ongeschoeide Karmelietessen,Primary,Nederlands,https://n2t.net/ark:/15052/925a7009-6f75-4d3e-9d6c-d9afe09ba187,Religious Order,"['Ongeschoeide Karmelietessen OCD', 'Theresianen', 'O.C.D.', 'OCD', 'Ordo Carmelitarum Discalceatorum', 'Ongeschoeide Karmelietessen van de Orde van de Zalige Maagd Maria van de Berg Karmel', 'Karmelietessen', 'Monialen van de Ongeschoeide Karmel', 'Ongeschoeide Carmelietessen', 'Orde van O.L. Vrouw van de Berg Karmel', 'Ongeschoeide Karmelitessen']",http://www.wikidata.org/entity/Q1135659,"""Brabant Cloud ARK Identifier"""
59f12ceb-af13-5500-8564-b07bc5659419,religious_order,0,Franciscanessen van Etten,Primary,Nederlands,https://n2t.net/ark:/15052/f0bef749-28ae-476f-b4ba-2fd7a6462479,Religious Order,,,
aa78aa6c-2799-5e45-a293-bd2e0375ef42,religious_order,0,Broeders van Huijbergen,Primary,Nederlands,https://n2t.net/ark:/15052/922f9989-4643-4205-9cff-fbfc73f9bb9c,Religious Order,"['Broeders van Huijbergen', 'Broeders van Huijbergen CFH', 'Broeders van Sainte Marie', 'Broeders van Sint Marie', 'Christelijke Broeders van de Onbevlekte Ontvangenis van de Allerheiligste Maagd en Moeder Gods Maria', 'Congregatie der Broeders van de Onbevlekte Ontvangenis der Allerheiligste Maagd en Moeder Gods Maria', 'Congregatie van de Broeders van Huijbergen (CFH)', 'Congregatio Fratrum Huijbergen (CFH)', 'Broeders van Huijbergen C.F.H.', 'C.F.H.', 'CFH', 'Congregatio Fratrum Immaculatae Conceptionis Beatae Virginis et Dei Genetricis Mariae']",http://www.wikidata.org/entity/Q2188615,"""Brabant Cloud ARK Identifier"""
607a6bb8-f30f-5cce-8974-6dfc636c72c8,religious_order,0,"Zusters van Jezus, Maria, Jozef",Primary,Nederlands,https://n2t.net/ark:/15052/a17fbc73-23a4-4fc0-8c94-91b08586f55c,Religious Order,"['Zusters van J.M.J.', 'Zusters van JMJ', 'Sociëteit van Jezus, Maria en Jozef']",http://www.wikidata.org/entity/Q2360083,"""Brabant Cloud ARK Identifier"""
b9492217-2493-5ed5-bfbf-412e3e54c92c,religious_order,0,Franciscanessen van Oirschot,Primary,Nederlands,https://n2t.net/ark:/15052/aa6f433e-40c3-4fe2-b811-534fa084b899,Religious Order,"['Zusters van Oirschot', 'Zusters Franciscanessen van Oirschot']",,
d542b269-4563-5cf3-83a5-42356dad162e,religious_order,0,Franciscanessen van de Heilige Familie,Primary,Nederlands,https://n2t.net/ark:/15052/948709d8-f04f-4d69-a493-cd30e011bce0,Religious Order,"['O.S.F.', 'OSF', 'Franciscanessen van de H. Familie']",http://www.wikidata.org/entity/Q1450251,"""Brabant Cloud ARK Identifier"""
d30aa66a-5cea-51db-8f2b-cc32f6b9a9f7,religious_order,0,Franciscanessen van de Allerzaligste Maagd Maria ter Engelen,Primary,Nederlands,https://n2t.net/ark:/15052/27ec172d-dece-428f-b35a-ff1ed59e57b9,Religious Order,"['Zusters van Maria ter Engelen', 'Franciscanessen van de Allerzaligste Maagd Maria ter Engelen BMVA', 'Zusters van Maria ter Engelen BMVA']",,
e7c01a5f-11a6-5f9f-b8bc-49fa5ad8c9bf,religious_order,0,Franciscanessen van Charitas,Primary,Nederlands,https://n2t.net/ark:/15052/1a9a14fe-16d9-4220-8f37-77c196cde0ff,Religious Order,"['Zusters van Steenbergen', ""Congregatie 'Charitas'"", 'Penitenten-Recollectinen']",http://www.wikidata.org/entity/Q2234713,"""Brabant Cloud ARK Identifier"""
630fdb45-48da-50e3-8fcc-1ee115f8aedb,religious_order,0,Broeders Penitenten,Primary,Nederlands,https://n2t.net/ark:/15052/7bde150c-7de6-408e-8ec8-fbbc51e6232c,Religious Order,"['c.f.p-s.f.', 'Broeders Penitenten CFPSF', 'CFP-SF', 'Congregatio Fratrum Poenitentium Sancti Francisci', 'Broeders Penitenten van de H. Franciscus van Assisi', 'Broeders Penitenten van de Heilige Franciscus van Assisi', 'Broeders van Boekel', 'Broeders van Huize Padua', 'Broeders van de Derde Regel van Penitentie', 'Congregatie van de Broeders van den Derden Regel van Penitentie van den H. Vader Franciscus van Assisië']",http://www.wikidata.org/entity/Q2035751,"""Brabant Cloud ARK Identifier"""
8a69a921-da9b-5638-b891-fbd0847e016e,religious_order,0,Barmhartige Zusters van de Heilige Carolus Borromeus (D),Nederlands,Nederlands,https://n2t.net/ark:/15052/a900a803-7a8e-4ea7-a2ed-d8d9068a5668,Religious Order,"['Barmhartige Zusters van de H. Carolus Borromeus', 'Borromerinnen', 'Zusters van Barmhartigheid van de H. Carolus Borromeus', 'Zusters van Barmhartigheid van de Heilige Carolus Borromeus']",,
2b7c5b8f-6d4e-5732-838a-eb092de33194,religious_order,0,Karmelietessen,Primary,Nederlands,https://n2t.net/ark:/15052/7d9a1986-350a-4a70-b720-ba9f61ef1d12,Religious Order,"['Monialen van de Orde van O.L. Vrouw van de Berg Karmel', 'Zusters van O.L. Vrouw van de Berg Karmel', 'O.Carm', 'OCarm', 'Karmelietessen OCarm', 'Geschoeide Karmelitessen', 'Karmelitessen', 'Orde van O.L. Vrouw van de Berg Karmel']",http://www.wikidata.org/entity/Q186277,"""Brabant Cloud ARK Identifier"""
5dfd710f-9bbd-53ca-a217-c81bbd0921ab,religious_order,0,Dominicanessen van Bethanië,Nederlands,Nederlands,https://n2t.net/ark:/15052/29a16535-b0fc-4a2d-bd7e-4ba1d9fdb5b7,Religious Order,"['C.D.B.V.', 'CDBV', 'Congregatie van de (Zusters) Dominicanessen van Bethanië uit Venlo', 'Congregatio Dominicanarum a Betania Venlonensis', 'Dominicanessen van Bethanië CDBV']",http://www.wikidata.org/entity/Q2690555,Brabant Cloud ARK Identifier
f95e1d1a-f74a-5614-b643-b2c68a36cf6d,religious_order,0,Broeders van Scheppers,Nederlands,Nederlands,https://n2t.net/ark:/15052/106bf8f3-16ab-4066-9818-7b50c7190274,Religious Order,"['Broeders van Onze-Lieve-Vrouw van Barmhartigheid (Mechelen)', 'Broeders van O.L.V. van Barmhartigheid (Mechelen)', 'Broeders van Scheppers', 'FDM', 'Broeders van Onze-Lieve-Vrouw van Barmhartigheid', 'Fratres De Misericordia', 'Broeders van Oud-Gastel', 'Broeders van Scheppers FDM', 'Broeders van O.L. Vrouw van Barmhartigheid', 'Broeders van Onze Lieve Vrouw van Barmhartigheid', 'F.D.M.']",http://www.wikidata.org/entity/Q113666713,Brabant Cloud ARK Identifier
c589b23f-0dbe-549b-b94c-607d86fbe99a,religious_order,0,Zusters van de Voorzienigheid van Ruillé,Primary,Nederlands,https://n2t.net/ark:/15052/45309554-6a70-4ddd-9eb9-1754adf7ce89,Religious Order,,,
a7f0568c-2dc7-5f27-a9c6-00f4241f1a48,religious_order,0,Missiezusters van het Kostbaar Bloed,Primary,Nederlands,https://n2t.net/ark:/15052/b3770330-37e0-4ea5-9a28-be464c23132e,Religious Order,"['Missiezusters van Mariannhill', 'C.P.S.', 'Congregatio Pretiosi Sanguinis', 'CPS', 'Missiezusters van het Kostbaar Bloed CPS']",http://www.wikidata.org/entity/Q458797,"""Brabant Cloud ARK Identifier"""
d41a7d4c-a918-5b33-8543-69709adea016,religious_order,0,Fraters van Tilburg,Primary,Nederlands,https://n2t.net/ark:/15052/f251c89a-e050-4266-9e37-a03670dc6056,Religious Order,"['Fraters van Tilburg CMM', 'Fraters van de Heilige Maagd Maria, Moeder van Barmhartigheid', 'Fraters van Tilburg C.M.M.', 'Congregatio Fratrum Beatae Mariae Virginis Matris Misericordiae', 'Congregatio Matris Misericordiae', 'Congregatie der Fraters van O.L.-Vrouw, Moeder van Barmhartigheid', 'Congregatie van Onze Lieve Vrouw, Moeder van Barmhartigheid', 'C.M.M.', 'CMM']",http://www.wikidata.org/entity/Q338552,"""Brabant Cloud ARK Identifier"""
4ca94333-2b30-5f1a-bc9e-e575f9d80105,religious_order,0,Cisterciënzerinnen,Primary,Nederlands,https://n2t.net/ark:/15052/9c307f8e-d77d-48ea-ac91-0dafed2ac3e8,Religious Order,"['Cisterciënzers', 'Trappistinnen', 'O.C.S.O.', 'OCSO', 'Ordo Cisterciensis Strictioris Observantiae', 'Cisterciënzerinnen OCSO', 'Orde der Cisterciënzers van de Strikte Observantie', 'Bernadijnen', 'Bernadinnen', 'Orde der Cisterciënzer']",http://www.wikidata.org/entity/Q276223,"""Brabant Cloud ARK Identifier"""
a1dc2864-be8f-5195-86d7-d9001c7e2543,religious_order,0,Missiezusters van Onze Lieve Vrouw van Afrika,Primary,Nederlands,https://n2t.net/ark:/15052/671133f2-7dfe-4711-9333-bf6e2e593c1e,Religious Order,"['Missiezusters van Onze Lieve Vrouw van Afrika MZOLA', 'Witte Zusters', 'Missiezusters van O.L. Vrouw van Afrika ZMAFR (Witte zusters)', 'Witte Zusters ZMAFR', 'Zusters Missionarissen van Onze Lieve Vrouw van Afrika', 'Missiezusters van O.L. Vrouw van Afrika']",http://www.wikidata.org/entity/Q1609350,"""Brabant Cloud ARK Identifier"""
35c85b74-0d14-5070-9efe-970bc3d03ffc,religious_order,0,Zusters Obreras de la Cruz,Nederlands,Nederlands,https://n2t.net/ark:/15052/e3d81705-9e57-45ad-87bb-a8c89d878e13,Religious Order,"['Obreras de la Cruz', 'Spaanse Zusters', 'Werksters van het Kruis']",,
9c1882d5-5253-500c-9960-f8785bfba068,religious_order,0,Oblaten van Onze Lieve Vrouw Assumptie,Primary,Nederlands,https://n2t.net/ark:/15052/2431f0a4-4392-49af-9e83-1a57e48ca1b6,Religious Order,"['Zusters Oblaten van Onze Lieve Vrouw Assumptie OA', 'Oblaten van O.L. Vrouw Assumptie', 'Missiezusters Oblaten van O.L. Vrouw ten Hemelopneming', 'Missiezusters Oblaten van Onze Lieve Vrouw ten Hemelopneming', 'Oblaten van de Assumptie', 'O.A.', 'OA', 'Zusters Oblaten van O.L. Vrouw Assumptie', 'Zusters Oblaten van Onze Lieve Vrouw Assumptie']",http://www.wikidata.org/entity/Q3348209,"""Brabant Cloud ARK Identifier"""
70b5a7d8-0c1c-5846-8ca5-470d3f52f96a,religious_order,0,Franciscanessen Missionarissen van Maria,Primary,Nederlands,https://n2t.net/ark:/15052/a5be29bd-9806-428a-9635-a779f90ba8d4,Religious Order,"['Witte Zusters', 'Zusters Franciscanessen Missionarissen van Maria FMM', 'F.M.M.', 'FMM', 'Zusters Franciscanessen Missionarissen van Maria']",http://www.wikidata.org/entity/Q2665582,"""Brabant Cloud ARK Identifier"""
64f0f6ed-8a7e-5c7f-8a41-2e90460106c1,religious_order,0,Franciscanessen van de Heilige Elisabeth,Nederlands,Nederlands,https://n2t.net/ark:/15052/5558e685-89c5-41bc-b563-0f50cd7c155f,Religious Order,Franciscanessen van de H. Elisabeth,,
2747589e-6446-53f5-8156-9fa2a1672599,religious_order,0,Dochters van Liefde van Vincentius à Paulo,Nederlands,Nederlands,https://n2t.net/ark:/15052/37ecde44-4c8d-47e0-8d92-f85d49176e0d,Religious Order,"['Dochters der Liefde', 'F.d.C.', 'FdC', 'Liefdeszusters', 'Congregatie van de Dochters van Liefde van de H. Vincentius à Paulo', 'Vincentianessen']",http://www.wikidata.org/entity/Q778997,Brabant Cloud ARK Identifier
40573d65-df67-54d5-a861-aee2d14c2c8d,religious_order,0,Kleine Zusters van de Heilige Joseph,Primary,Nederlands,https://n2t.net/ark:/15052/0bbf00c1-7d9a-4f61-a430-bae6a981b6dd,Religious Order,"['Kleine Zusters van Sint Joseph', 'Kleine Zusters van de H. Joseph', 'Kleine Zusters van Sint-Joseph', 'Kleine Zusters van St. Joseph', 'Kleine Pius-Zusters', 'Kleine Zusters van de Goddelijke Voorzienigheid', 'Zusters van Heerlen', 'Kleine Zusters van de H. Jozef', 'Kleine Zusters van de H.H. Harten van Jezus en Maria', 'Kleine Zusters van de Heilige Jozef', 'Kleine Zusters van het Allerheiligst Hart van Jezus', 'Sint-Joseph Congregatie', 'Zusters van Paus Pius IX']",http://www.wikidata.org/entity/Q2017364,"""Brabant Cloud ARK Identifier"""
2e180e50-6d0f-57e4-8342-4b2e186ab4bd,religious_order,0,Paters van de Heilige Harten,Nederlands,Nederlands,https://n2t.net/ark:/15052/2bfdf64b-41bc-44c0-9f6d-d1a57dcfda5d,Religious Order,"['Paters van de Heilige Harten SSCC', 'Congregatie van de Heilige Harten van Jezus en Maria', 'Congregatio Sacrorum Cordium', 'Picpus', 'Damianen', 'Congregatio Sacrorum Cordium Iesu et Mariæ necnon adorationis perpetuæ Ss. Sacramenti altaris', 'SS.CC', 'Picpus-paters', 'Zusters van de Heilige Harten', 'S.S.C.C.', 'SSCC', 'Paters van de Heilige Harten van Jezus en Maria', 'Congregatie van Picpus', 'Paters van de HH. Harten van Jezus en Maria en van de Eeuwigdurende Aanbidding van het Allerheiligste Sacrament des Altaars', 'Paters van de HH. Harten']",https://www.wikidata.org/entity/Q697595,Brabant Cloud ARK Identifier
3a5ad466-b2f6-5b8b-8408-aa9b2929b0d1,religious_order,0,Zusters van de HH. Harten,Nederlands,Nederlands,https://n2t.net/ark:/15052/651c547f-a7c5-43c4-9279-80134bf95fd8,Religious Order,"['S.S.C.C.', 'SSCC', 'Picpus-zusters', 'Zusters van de H.H. Harten', 'Zusters van de H.H. Harten van Jezus en Maria en der Altijddurende Aanbidding van het H. Sacrament des Altaars']",http://www.wikidata.org/entity/Q3977355,Brabant Cloud ARK Identifier
956ab601-3a7f-571c-b37b-a2ba1694c967,religious_order,0,Liefdezusters van de Heilige Carolus Borromeus,Primary,Nederlands,https://n2t.net/ark:/15052/b03e6560-b562-46c4-ae0d-1e555f0b7d2b,Religious Order,"['Congregatie van de Liefdeszusters', 'S.M.C.B.', 'Liefdezusters van de H. Carolus Borromeus', 'Barmhartige Zusters van de Heilige Carolus Borromeus', 'Zusters Onder de Bogen', 'Bogenzusters', 'SMCB', 'Sorores Misericordiae Sancti Caroli Borromei', 'Liefdezusters van de Heilige Carolus Borromeus (Maastricht)', 'Liefdezusters van de H. Carolus Borromeus (Maastricht)', 'Zusters van de H. Vincentius a Paulo', 'Zusters van de Heilige Vincentius a Paulo', 'Liefdezusters CB', 'Zusters van Maastricht', 'Barmhartige Zusters van de H. Carolus Borromeus']",http://www.wikidata.org/entity/Q110474225,"""Brabant Cloud ARK Identifier"""
173c2df1-a671-5934-8b54-2f7e6874a949,religious_order,0,Dochters van de Goddelijke Voorzienigheid,Primary,Nederlands,https://n2t.net/ark:/15052/c294cc74-65f9-495a-8d1e-ae9bc6d692dc,Religious Order,Moeders der Armen,http://www.wikidata.org/entity/Q3744789,"""Brabant Cloud ARK Identifier"""
086b2328-6c28-54b3-94d2-963c2f243f4e,religious_order,0,Norbertinessen,Primary,Nederlands,https://n2t.net/ark:/15052/760b0e65-07d3-4d0d-840b-a038daa1ec80,Religious Order,"['Norbertinessen', 'Premonstratenzerinnen', 'OPraem', 'OPRAEM', 'Kanunnikessen van de Orde van Premonstreit', 'Ordo Praemonstratensis', 'Norbertinessen OPRAEM']",http://www.wikidata.org/entity/Q339332,"""Brabant Cloud ARK Identifier"""
110199f4-ae2c-5cbb-977a-06decb195dee,religious_order,0,Barmhartige Zusters van de Heilige Carolus Borromeus (F),Nederlands,Nederlands,https://n2t.net/ark:/15052/54e81627-e4eb-4011-9634-bbe2e8ef7449,Religious Order,"['Zusters van Barmhartigheid van de H. Carolus Borromeus', 'Zusters van Barmhartigheid van de Heilige Carolus Borromeus', 'Barmhartige Zusters van de H. Carolus Borromeus (F)', 'Soeurs de la Charité de St. Charles', 'Soeurs de la Ste. Famille de Jésus, Marie, Joseph']",,
b4885f08-6bdd-5f2c-8613-ed115cb8ee93,religious_order,0,Oblaten van de Onbevlekte Maagd Maria,Nederlands,Nederlands,https://n2t.net/ark:/15052/6e181da5-86a9-4db7-aec8-218408763abf,Religious Order,"['Missionarissen Oblaten van de Onbevlekte Maagd Maria OMI', 'Congregatio Missionariorum Oblatorum Beatae Mariae Virgini Immaculatae', 'O.M.I.', 'Oblaten van Maria', 'OMI']",http://www.wikidata.org/entity/Q1336967,Brabant Cloud ARK Identifier
b438ba11-f05c-53a7-a22f-c648cf2bfdd4,religious_order,0,Trappisten,Primary,Nederlands,https://n2t.net/ark:/15052/c9dbf3cc-9d2a-4f77-b63a-5c584e0212c1,Religious Order,"['Cisterciënzers van de Strenge Onderhouding', 'Hervormde Cisterciënzers', 'OCistR', 'OCistRef', 'OCR', 'Trappistenorde', 'O.C.S.O.', 'OCSO', 'Ordo Cisterciensis Strictioris Observantiae', 'Cisterciënzerorde van de Stricte Observantie']",http://www.wikidata.org/entity/Q276223,"""Brabant Cloud ARK Identifier"""
3cbaea6e-38b9-5d56-8e8a-966ec8b0868a,religious_order,0,Broeders van Onze-Lieve-Vrouw van Lourdes,Primary,Nederlands,https://n2t.net/ark:/15052/14573658-bdb7-471f-85dd-8617dca5ef27,Religious Order,"['Broeders van Onze Lieve Vrouw van Lourdes', 'Broeders van Oostakker', 'Broeders van de Goede Werken', 'Broeders van Goede Werken', 'Broeders van de H. Vincentius', 'Broeders van de Heilige Vincentius', 'Broeders van O.L. Vrouw van Lourdes', 'Broeders van Ronse', 'Congregatie van de Broeders van Goede Werken', 'Congregatio Fratrum Beatae Mariae Virginis de Lourdes', 'Broeders van Dongen']",http://www.wikidata.org/entity/Q996726,"""Brabant Cloud ARK Identifier"""
456b00a3-9c76-5a27-b769-dfc4a46440f4,religious_order,0,Augustijnen,Primary,Nederlands,https://n2t.net/ark:/15052/44272128-b69a-403f-bc49-ff456a8dfdc6,Religious Order,"['Augustijnen OSA', 'Augustijnerorde', 'Orde van Paters Augustijnen', 'Ordo Sancti Augustini', 'Reguliere Kanunniken van Augustinus', 'Orde van Sint Augustinus', 'Orde van Sint-Augustinus', 'Augustijnermonniken', 'Heremieten van Sint Augustinus', 'Heremieten van Sint-Augustinus', 'C.R.S.A.', 'CRSA', 'O.S.A.', 'OSA', 'Augustijnen Eremieten', 'Orde van de Augustijnen', 'Orde van de Eremieten van Sint Augustinus', 'Paters Augustijnen', 'Augustijnen', 'Augustijnen O.S.A.', 'Augustijner Heremieten', 'Ordo Eremitarum Sancti Augustini', 'OESA']",https://www.wikidata.org/entity/Q214528,"""Brabant Cloud ARK Identifier"""
67c9d840-eebb-5812-bc0d-b87b54a6d417,religious_order,0,Broeders van Liefde,Nederlands,Nederlands,https://n2t.net/ark:/15052/24f9af6d-9b19-405f-99ea-5eb18df67678,Religious Order,"['F.C.', 'Fratres Caritate', 'Hospitaalbroeders van de H. Vincentius', 'Hospitaalbroeders van de Heilige Vincentius', 'Congregatio Fratrum Caritatis', 'FC', 'Broeders van Liefde van Eindhoven', 'Broeders van Liefde van Gent', 'Congregatie van de Broeders van Liefde', 'Broeders van Liefde FC']",http://www.wikidata.org/entity/Q542127,Brabant Cloud ARK Identifier
aa8985ed-97bd-52cb-9792-2596ec17db49,religious_order,0,Zusters van de Heilige Juliana van Falconieri,Primary,Nederlands,https://n2t.net/ark:/15052/6053bc7f-66b7-4333-9fdb-3ef5ee84e430,Religious Order,"['Juliaantjes', 'Liefdezusters van de Heilige Juliana van Falconieri', 'Zusters van Liefde van de H. Juliana van Falconieri', 'Julianazusters']",http://www.wikidata.org/entity/Q114771098,"""Brabant Cloud ARK Identifier"""
27a9cffb-2a9a-5f55-9c65-e04af593e9c3,religious_order,0,Kapucijnen,Nederlands,Nederlands,https://n2t.net/ark:/15052/46dbb1a4-d573-4130-96eb-69c44ecb5c17,Religious Order,"['Franciscaner Orde der Minderbroeders Kapucijnen', 'Ordo Fratrum Minorum Capuccinorum', 'Minderbroeders Kapucijnen', 'O.F.M.Cap.', 'OFMCap', 'Kapucijnen OFMCAP', 'Capucijnen', 'Minderbroeders Capucijnen', 'OMCap']",https://www.wikidata.org/entity/Q124862,Brabant Cloud ARK Identifier
477498ff-4183-5b2e-b862-4a25ae43bc03,religious_order,0,Franciscanessen van Heythuysen,Nederlands,Nederlands,https://n2t.net/ark:/15052/e135528a-3912-4aea-94b4-00974032eea2,Religious Order,"['O.S.F.', 'OSF', 'Sorores de Poenitentia ac Charitate Christiana Tertii Ordinis Sancti Francisci', 'Zusters van de Boetvaardigheid', 'Zusters van de Boetvaardigheid en van de Christelijke Liefde van de Derde Orde van de H. Franciscus']",http://www.wikidata.org/entity/Q3977239,Brabant Cloud ARK Identifier
be23a8d6-f12c-58b8-a055-62345c0f837f,religious_order,0,Congregatie der Missie,Primary,Nederlands,https://n2t.net/ark:/15052/0651af9b-8949-4235-9fe6-253d70b783fa,Religious Order,"['C.M.', 'CM', 'Congregatie der Missie', 'Congregatio Missionis', 'Lazaristen', 'Lazaristen CM']",http://www.wikidata.org/entity/Q849726,"""Brabant Cloud ARK Identifier"""
2ff3aa59-b894-5b20-8621-813794bb9970,religious_order,0,Missionarissen van het Heilig Hart van Jezus,Primary,Nederlands,https://n2t.net/ark:/15052/56ee0470-2872-40f4-8284-b3e15867e00d,Religious Order,"['Rooi Harten', 'Missionarissen van het H. Hart van Jezus', 'De Rooi Harten', 'M.S.C.', 'MSC', 'Missiehuis van het Heilig Hart', 'Missionarissen van het H. Hart', 'Missionarissen van het Heilig Hart', 'Missionarii Sacratissimi Cordis Jesu', 'Missionarissen van het Heilig Hart van Jezus MSC']",http://www.wikidata.org/entity/Q1615041,"""Brabant Cloud ARK Identifier"""
76293925-ec59-53ca-ab6e-6f2bc226b923,religious_order,0,Zusters Reparatricen,Primary,Nederlands,https://n2t.net/ark:/15052/497651f3-db07-4f28-847b-d1445f629117,Religious Order,"['Congregatie van Maria Eerherstel', 'Reparatricen', 'S.M.R.', 'SMR', 'Soeurs de Marie-Réparatrice', 'Congregatie van de Reparatricen', 'Zusters van Maria Eerherstel', 'Zusters van Maria Reparatrix', 'Zusters Reparatricen SMR']",http://www.wikidata.org/entity/Q3511740,"""Brabant Cloud ARK Identifier"""
ab1a0a0f-8e10-5031-828b-490a61cb5565,religious_order,0,Clarissen-Coletinen,Nederlands,Nederlands,https://n2t.net/ark:/15052/827485c4-4b9a-4e29-b75f-253345a52ddd,Religious Order,"['Clarissen-Coletinen OCC', 'Clarissen-Coletinen', 'Coletienen', 'Coletinen', 'Colettinen', 'Ordo Sanctae Clarae reformationis ab Coleta', 'Zusters Clarissen Coletienen', 'O.C.C.', 'OCC', 'Ordo Monialum Clarissae Reformationis a S. Coleta']",http://www.wikidata.org/entity/Q2535397,Brabant Cloud ARK Identifier
e4e38e20-ee61-577f-acec-898fc155076c,religious_order,0,Zusters van Maria en Jozef,Primary,Nederlands,https://n2t.net/ark:/15052/6f17bd52-a33c-4184-a928-d03d4638dd24,Religious Order,"['Zusters van Maria-Jozef', 'Soeurs de Marie-Jozef', 'Soeurs des Prisons', 'Zusters van Maria en Joseph']",,
e2b2d260-47ea-5d56-86df-862e9a6b2811,religious_order,0,Zusters Auxiliatricen,Nederlands,Nederlands,https://n2t.net/ark:/15052/23e37c6a-e663-4c94-a748-c272f2eeb31d,Religious Order,"['Auxiliatricen der Zielen in het Vagevuur', 'Auxiliatricen van de Zielen in het Vagevuur', 'Helpsters van de Zielen in het Vagevuur', 'S.A.', 'SA', 'Auxiliatricen']",http://www.wikidata.org/entity/Q656825,Brabant Cloud ARK Identifier
332cf875-706a-57b1-8791-75e69f3a79f1,religious_order,0,Franciscanen,Nederlands,Nederlands,https://n2t.net/ark:/15052/28c2bb4d-42f9-4bfc-aaf5-cf1266f8d8cb,Religious Order,"['Franciscaner Orde', 'Franciskanen', 'Minderbroeders', 'Minderbroeders franciscanen', 'Minnebroeders', 'Orde van de Minderbroeders', 'O.F.M.', 'OFM', 'Ordo Fratrum Minorum', 'Serafijnse Orde', 'Franciscanen OFM/OFMCONV']",http://www.wikidata.org/entity/Q165005,Brabant Cloud ARK Identifier
12cbfe8c-02e1-5aa6-a917-c2c55a26f2ae,religious_order,0,Franciscanessen van Denekamp,Nederlands,Nederlands,https://n2t.net/ark:/15052/492bbefd-c99d-490b-82bc-dfb6803dc8d8,Religious Order,"['Franciscanessen van de H. Martelaar Georgius', 'Franciscanessen van de H. Nicolaas', 'Franciscanessen van de Heilige Martelaar Georgius', 'Franciscanessen van de Heilige Nicolaas', 'Franciscanessen van Thuine']",http://www.wikidata.org/entity/Q113640722,Brabant Cloud ARK Identifier
c16daa9d-3e5e-55af-85f5-1261768bf620,religious_order,0,Broeders van de Heilige Norbertus van Elshout,Nederlands,Nederlands,https://n2t.net/ark:/15052/1cfd88b0-ea29-4b35-b186-5e95a6a88720,Religious Order,"['Broeders van de H. Norbertus', 'Broeders van de Heilige Norbertus', 'Broeders van Elshout']",http://www.wikidata.org/entity/Q2743945,Brabant Cloud ARK Identifier
4e7a4605-2234-584d-b95b-a46119e34415,religious_order,0,Zusters van Barmhartigheid (Geldrop),Primary,Nederlands,https://n2t.net/ark:/15052/8ae62b81-7516-4463-866e-0e82921e9abf,Religious Order,Zusters van Barmhartigheid van Cadier en Keer,,
b80f8a2d-59f7-5e67-b1a9-47fd7c453945,religious_order,0,Broedercongregatie Onze-Lieve-Vrouw van Zeven Smarten,Primary,Nederlands,https://n2t.net/ark:/15052/c11c558d-448c-4d6e-9575-446c2ab997ea,Religious Order,"['Broeders van Amsterdam', 'Broedercongregatie van Onze Lieve Vrouw van Zeven Smarten', 'C.S.D.', 'Congregatio Septum Dolorum', 'CSD', 'Broeders van Onze Lieve Vrouw van Zeven Smarten', 'Broeders van Onze-Lieve-Vrouw van Zeven Smarten', 'Broeders met de Blauwe Koorden CSD', 'Broeders van Onze Lieve Vrouw van Zeven Smarten CSD']",http://www.wikidata.org/entity/Q24037665,"""Brabant Cloud ARK Identifier"""
a1f1bebb-0459-5acb-a5b7-e4301bf8a4c0,religious_order,0,Zusters van de Goddelijke Verlosser (Deurne),Primary,Nederlands,https://n2t.net/ark:/15052/4bc31870-a41c-4848-897a-cca093442620,Religious Order,"['Zusters van de Goddelijke Verlosser FDS', 'Weense Zusters', 'Zusters van de Goddelijke Verlosser', 'Dochters van de Allerheiligste Heiland', 'Dochters van de Goddelijke Heiland', 'Zusters van de Allerheiligste Verlosser', 'Zusters van de Goddelijke Heiland', 'F.D.S.', 'FDS', 'Filiae Divini Salvatoris']",http://www.wikidata.org/entity/Q1791754,"""Brabant Cloud ARK Identifier"""
4cec54f9-55ec-59ec-8041-37a22abb1a77,religious_order,0,Zusters van de Heilige Geest (Koblenz),Primary,Nederlands,https://n2t.net/ark:/15052/d2a18d39-15ff-4a15-b835-17ada39d02c9,Religious Order,"['School- en Ziekenzusters van de Heilige Geest', 'S.H.Sp', 'SHSp', 'Zusters van de H. Geest (Koblenz)', 'Zusters van de H. Jozef', 'Zusters van de Heilige Jozef', 'Zusters van de H. Geest', 'Zusters van de Heilige Geest']",http://www.wikidata.org/entity/Q25409183,"""Brabant Cloud ARK Identifier"""
3e91442e-f16c-5f30-b1b9-8e145b77ff48,religious_order,0,Jezuïeten,Nederlands,Nederlands,https://n2t.net/ark:/15052/b9e6798d-6cfa-4011-816d-763712faa57d,Religious Order,"['Jezuïeten SJ', 'Sociëteit van Jezus', 'S.I.', 'S.J.', 'SI', 'SJ', 'Societatis Iesu', 'Societatis Jesu', 'Jezuïetenorde', 'Paters Jezuïeten']",https://www.wikidata.org/entity/Q36380,Brabant Cloud ARK Identifier
998c2b77-339b-5a38-8930-08f85b388411,religious_order,0,Penitenten van de Eenheid,Primary,Nederlands,https://n2t.net/ark:/15052/921fc212-46c4-4eb6-a923-5b9bd2425643,Religious Order,"['Congregatie der Zusters Penitenten der Hereniging', 'Franciscanessen van Haren', 'Franciscanessen van Megen', 'Zusters van de Derde Orde van de H. Franciscus', 'Zusters van de Derde Orde van de Heilige Franciscus', 'Penitenten (van de Eenheid)']",http://www.wikidata.org/entity/Q114775227,"""Brabant Cloud ARK Identifier"""
a1c7ddce-5b80-5149-bc13-e7beb4b96fe6,religious_order,0,Zusters van Onze Lieve Vrouw (Tegelen),Primary,Nederlands,https://n2t.net/ark:/15052/a78205c7-1b14-4f45-9e23-4fbe68c2dc91,Religious Order,"['Zusters van Onze Lieve Vrouw', 'S.N.D.', 'SND', 'Zusters van O.L. Vrouw (Tegelen)', 'Zusters van O.L. Vrouw van Tegelen', 'Zusters van Onze Lieve Vrouw van Tegelen', 'Zusters van O.L. Vrouw', 'Zusters van Onze-Lieve-Vrouw van Tegelen']",http://www.wikidata.org/entity/Q27526277,"""Brabant Cloud ARK Identifier"""
462cf695-30f8-5335-bff5-f7e182c3f761,religious_order,0,Missie- en Aanbiddingszusters van de Heilige Familie,Primary,Nederlands,https://n2t.net/ark:/15052/88f3d70e-3256-4aaf-bcf7-20998e93275d,Religious Order,"['Missie- en Aanbiddingszusters van de H. Familie', 'Missie- en Aanbiddingszusters van de H. Familie MASF', 'M.A.S.F.', 'MASF', 'Missio Adoratio Sancta Familia', 'Zusters van de H. Familie', 'Zusters van de Heilige Familie']",http://www.wikidata.org/entity/Q1939080,"""Brabant Cloud ARK Identifier"""
e960978d-1371-56c1-8a88-a1b9749a11b5,religious_order,0,Missionarissen van de Heilige Familie,Nederlands,Nederlands,https://n2t.net/ark:/15052/76b40ea2-8864-4f44-a173-5dad6ea6f390,Religious Order,"['Franse paters', 'Missionarissen van de H. Familie', 'Congregatio Missionariorum a Sacra Familia', 'M.S.F.', 'MSF', 'Paters van de H. Familie', 'Paters van de Heilige Familie', 'Missionarii a Sancta Familia', 'Missionarissen van de Heilige Familie MSF']",http://www.wikidata.org/entity/Q592792,Brabant Cloud ARK Identifier
7daf4bb3-91b8-5d95-b218-4d4f37d8ecec,religious_order,0,Liefdezusters van het Kostbaar Bloed,Primary,Nederlands,https://n2t.net/ark:/15052/b37c9929-1ec8-465a-a970-39bcd90d9f82,Religious Order,"['Dochters van het Kostbaar Bloed van Onze Heer Jezus Christus', 'Liefdezusters van het Kostbaar Bloed van Koningsbosch', 'Zusters van Koningsbosch']",http://www.wikidata.org/entity/Q5227962,"""Brabant Cloud ARK Identifier"""
eb57f0e4-0c95-53bb-9d26-845df39d6950,religious_order,0,Passionisten,Primary,Nederlands,https://n2t.net/ark:/15052/54b25a1b-4972-4613-bb30-ae53a7d556ec,Religious Order,"['Congregatie van het Lijden van Jezus Christus', 'C.P.', 'CP', 'Congregatie van het Allerheiligste Kruis en het Lijden onzes Heren Jezus Christus', 'Congregatio Clericorum Excalceatorum Sanctissimae Crucis et Passionis Domini Nostri Jesu Christi', 'Congregatio Passionis Jesu Christi', 'Passionisten CP']",http://www.wikidata.org/entity/Q774589,"""Brabant Cloud ARK Identifier"""
2117995f-b5e6-5c40-843d-15c4a559a382,religious_order,0,Zusters van de Goddelijke Verlosser (Esch),Primary,Nederlands,https://n2t.net/ark:/15052/93a66f07-ef2c-4103-acee-ce2ef5ae77b5,Religious Order,"['Zusters van de Goddelijke Verlosser', 'Zusters van de Allerheiligste Verlosser', 'Filiae Divini Salvatoris']",http://www.wikidata.org/entity/Q1791754,"""Brabant Cloud ARK Identifier"""
443f357b-2e68-5777-b62c-f8c36e1a6f6f,religious_order,0,Missionarissen van Scheut,Nederlands,Nederlands,https://n2t.net/ark:/15052/4598a5a6-632a-4dfa-a383-ba8a39f6a0fc,Religious Order,"['Missionarissen van Scheut CICM', 'Congregatie van het Onbevlekt Hart van Maria', 'Congregatio Immaculati Cordis Mariae', 'Scheutisten', 'Missie-Congregatie van het Onbevlekt Hart van Maria', 'C.I.C.M.', 'CICM']",http://www.wikidata.org/entity/Q1463319,Brabant Cloud ARK Identifier
102d4f56-ea7a-515b-ad30-0d7ea7b643ce,religious_order,0,Missionarissen van het Goddelijk Woord,Nederlands,Nederlands,https://n2t.net/ark:/15052/f2c8863e-55fb-4a3d-a0c6-90e4e7ff3de2,Religious Order,"['Missionarissen van het Goddelijk Woord SVD', 'Missiepaters van Steyl', 'Paters van Steyl', 'Missionarissen van Steyl', 'S.V.D.', 'SVD', 'Societas Verbi Divini', 'Gezelschap van het Goddelijk Woord']",http://www.wikidata.org/entity/Q696656,Brabant Cloud ARK Identifier
c66624c0-d195-51aa-bbf6-2a8c6f92053c,religious_order,0,Broeders van Barmhartigheid van Sint-Joannes de Deo,Nederlands,Nederlands,https://n2t.net/ark:/15052/b8b295bb-f0f0-481d-b006-ba8c1bfbc2a6,Religious Order,"['Barmhartige Broeders van Montabaur', 'Barmherzige Brüder von Montabaur', 'Broeders van Barmhartigheid van Sint Joannes de Deo', 'Broeders van Barmhartigheid van St. Joannes de Deo', 'Broeders van de H. Joannes de Deo', 'Broeders van de Heilige Joannes de Deo', 'Congregatio Fratrum Misericordiae de Montabaur', 'Fratres Misericordiae Montabaur', 'Broeders van Barmhartigheid van Sint-Joannes de Deo FMM', 'Broeders van Joannes de Deo', 'F.M.M.', 'FMM']",http://www.wikidata.org/entity/Q662569,Brabant Cloud ARK Identifier
361ebe52-343c-563c-83ae-69cac228fc6b,religious_order,0,Redemptoristen,Nederlands,Nederlands,https://n2t.net/ark:/15052/f74d16f7-c3e4-4cb0-9657-7af729887a34,Religious Order,"['C.Ss.R.', 'Congregatie van de Allerheiligste Verlosser', 'CSsr', 'Redemptoristen', 'Congregatio Sanctissimi Redemptoris', 'CSSR', 'Redemptoristen CSSR']",https://www.wikidata.org/entity/Q751148,Brabant Cloud ARK Identifier
1aa2f740-bf83-5551-8d79-e1173e483c33,religious_order,0,Broeders van de Heilige Joseph,Primary,Nederlands,https://n2t.net/ark:/15052/1b3b28bd-2350-4958-bfc9-4f4f88f60aa5,Religious Order,"['Broeders van Heerlen', 'Broeders van de H. Joseph', 'Broeders van de H. Jozef', 'Broeders van de Heilige Jozef', 'Broeders v.d. H. Jozef']",http://www.wikidata.org/entity/Q2202448,"""Brabant Cloud ARK Identifier"""
6570cc1f-5e36-5ce5-8ba7-0f3b79947fb0,religious_order,0,Franciscanessen van Erlenbad,Nederlands,Nederlands,https://n2t.net/ark:/15052/2533e5fa-cb87-41e4-8ab2-9d2530085029,Religious Order,"['Schoolzusters van Sint-Franciscus', 'O.S.F.', 'OSF', 'Schoolzusters van Sint Franciscus', 'Schoolzusters van St. Franciscus', 'S.S.S.F.', 'SSSF']",https://www.wikidata.org/entity/Q870612,Brabant Cloud ARK Identifier
a39e44df-be2c-532b-bde4-de527c0b890b,religious_order,0,Broeders van Maastricht,Primary,Nederlands,https://n2t.net/ark:/15052/73ed9cf1-2d6f-4e7d-9417-62767ea7b359,Religious Order,"['Broeders van Maastricht FIC', 'Broeders van de Onbevlekte Ontvangenis van Maria', 'Broeders van de Beyart', 'Congregatio Fratrum Immaculatae Conceptionis Beatae Mariae Virginis', 'F.I.C.', 'Meesters uit Maastricht', 'Broeders van de Onbevlekte Ontvangenis van de H. Maagd Maria', 'Broeders van de Onbevlekte Ontvangenis van de H. Maagd Maria onder bescherming van de H. Vincentius à Paulo', 'Congregatie van de Broeders van de Onbevlekte Ontvangenis van de H. Maagd Maria', 'FIC']",https://www.wikidata.org/entity/Q337791,"""Brabant Cloud ARK Identifier"""
39bc53d1-2671-5a3d-937c-d68e34a64a9f,religious_order,0,Missiezusters van de Heilige Geest,Primary,Nederlands,https://n2t.net/ark:/15052/ebdafb40-212e-40bc-82a2-dddf6376b73d,Religious Order,"['C.S.S.P.', 'CSSP', 'Missiezusters van de H. Geest', 'Missionnaires du Saint Esprit (de Boulogne-sur-Seine)', 'Spiritaines', 'Missiezusters van de H. Geest CSSP', 'Missiezusters van de Heilige Geest CSSP']",,
459e3814-c3e2-5f37-ae24-9b56a78c3250,religious_order,0,Camillianen,Primary,Nederlands,https://n2t.net/ark:/15052/b154f63f-e9c5-4838-beef-75f0258ca086,Religious Order,"['M.I.', 'MI', 'O.S.Cam.', 'Orde der Reguliere Clerici voor de Zieken', 'Ordo Clericorum Regularium Ministrantium Infirmis', 'OSCam', 'Vaders van de Goede Dood', 'Dienaren der zieken', 'Camillianen OSCAM', 'Orde van de Reguliere Geestelijken', 'Reguliere Geestelijken ter Ziekenverpleging', 'CCRRMMII', 'CRMI', 'Orde der Camillianen', 'Orde van Reguliere Clericale Dienaren der Zieken', 'Paters van de Zalige Dood']",http://www.wikidata.org/entity/Q915029,"""Brabant Cloud ARK Identifier"""
085994b2-2c1b-5486-bec7-6af29e256378,religious_order,0,Zusters van de Choorstraat,Nederlands,Nederlands,https://n2t.net/ark:/15052/f97d6c5b-e714-42d3-8ffe-5c497fdeb758,Religious Order,,,
310cdf0f-9da4-5447-9348-69a6dfc385fd,religious_order,0,Kartuizers van Vught,Primary,Nederlands,https://n2t.net/ark:/15052/65221173-f75d-4512-82dc-bf2fb75af159,Religious Order,Karthuizers van Vught,,
49adc653-ca65-5406-a35d-e4fcea043917,religious_order,0,Maristen,Primary,Nederlands,https://n2t.net/ark:/15052/59130d1e-9eab-4c61-b468-bc0ecc9cdc89,Religious Order,"['Paters Maristen', 'S.M.', 'SM', 'Societas Mariae', 'Sociëteit van Maria', 'Maristen SM']",http://www.wikidata.org/entity/Q923103,"""Brabant Cloud ARK Identifier"""
392571aa-9d35-5272-b639-61ed8672479f,religious_order,0,Birgittinessen,Nederlands,Nederlands,https://n2t.net/ark:/15052/f12ff24b-6a9a-40d3-8194-cb430be4515f,Religious Order,"['Orde van Sint Birgitta', 'Orde van St. Birgitta', 'Orde van de Allerheiligste Verlosser', 'O.Ss.S', 'Orde van Sint-Birgitta', 'Ordo Sanctissimi Salvatoris', 'OSsS', 'OSSS', 'Birgittinessen OSSS']",http://www.wikidata.org/entity/Q952578,Brabant Cloud ARK Identifier
babc4ba1-05d6-57d2-b95b-974e83a40d08,religious_order,0,Birgittijnen,Nederlands,Nederlands,https://n2t.net/ark:/15052/0e788c26-f53c-4d62-9ed2-e42a2384e392,Religious Order,,,
42514983-0626-5a5f-93cd-a4d0131532f1,religious_order,0,Broeders van Drunen,Nederlands,Nederlands,https://n2t.net/ark:/15052/d56fdbaa-3f8b-4077-ac22-f3371be0da10,Religious Order,,,
4a7f23c5-9c73-58db-af33-a6b011407aa7,religious_order,0,Cisterciënzers,Primary,Nederlands,https://n2t.net/ark:/15052/47b34c6c-44b3-4fb3-80d8-10d3671e056a,Religious Order,"['Orde der Cisterciënzers', 'O.Cist.', 'OCist', 'SOCist', 'Bernardijnen', 'Cisterciënzen', 'Cistercienzers', 'Grijzemonniken', 'Ordo Cisterciensis', 'Schieremonniken', 'SOC', 'Cisterciënzers OCIST']",https://www.wikidata.org/entity/Q166861,"""Brabant Cloud ARK Identifier"""
089e5190-a80d-5db9-8d22-18517553e516,religious_order,0,Oblaten van de Heilige Franciscus van Sales,Primary,Nederlands,https://n2t.net/ark:/15052/3107d820-feb7-4231-8e5b-7b98062b862e,Religious Order,"['Institutum Oblatorum Sancti Francisci Salesii', 'O.S.F.S.', 'Oblaten van de H. Franciscus van Sales', 'OSFS']",http://www.wikidata.org/entity/Q7075133,"""Brabant Cloud ARK Identifier"""
1cf20b8b-227b-59b8-bc0b-9093ee0fa901,religious_order,0,Reguliere Kanunniken van Sint-Augustinus,Nederlands,Nederlands,https://n2t.net/ark:/15052/48c88f17-a64f-4d70-aa58-8f0bed43ebe3,Religious Order,"['C.R.L.', 'Canonici Regulares Lateranenses', 'Congregatie van Lateranen', 'CRL', 'Lateraanse Congregatie', 'Reguliere Kanunniken van de H. Augustinus', 'Reguliere Kanunniken van de Heilige Augustinus', 'Reguliere Kanunniken van Sint Augustinus', 'Reguliere Kanunniken van Sint Jan van Lateranen', 'Reguliere Kanunniken van Sint-Jan van Lateranen', 'Reguliere Kanunniken van St. Augustinus', 'Reguliere Kanunniken van St. Jan van Lateranen', 'Congregatie der Reguliere Kanunniken van de Allerheiligste Verlosser van Lateranen', 'Reguliere Kanunniken van Lateranen']",http://www.wikidata.org/entity/Q635046,Brabant Cloud ARK Identifier
185d711c-e686-5d09-b40c-443d2263263c,religious_order,0,Zusters van Onze Lieve Vrouw van het Cenakel,Nederlands,Nederlands,https://n2t.net/ark:/15052/0c702c69-a428-4ddb-b111-656e6bb3eb4c,Religious Order,"['Zusters van O.L. Vrouw van het Cenakel', 'Zusters van het Cenakel', 'Zusters van Onze Lieve Vrouw der Afzondering in het Cenakel', 'Zusters van Onze-Lieve-Vrouw der Afzondering in het Cenakel', 'Zusters van O.L. Vrouw van het Cenakel FC', 'Zusters van Onze Lieve Vrouw van het Cenakel FC']",http://www.wikidata.org/entity/Q3344726,Brabant Cloud ARK Identifier
84ed4fb7-045d-56d8-85a7-67d9ec7fd9ea,religious_order,0,Dominicanen,Primary,Nederlands,https://n2t.net/ark:/15052/cc8b72de-5993-42fb-8d39-1c257225eb76,Religious Order,"['Dominicanen OP', 'O.P.', 'OP', 'Orde der Predikheren', 'Ordo Praedicatorum', 'Dominicaner orde', 'Predikheren', 'Preekheren', 'Ordo Fratrum Praedicatorum', 'Predikbroeders']",http://www.wikidata.org/entity/Q131479,"""Brabant Cloud ARK Identifier"""
237dba34-15a7-5663-a503-8d5dcb4ae51a,religious_order,0,Dominicanessen van de Heilige Familie,Primary,Nederlands,https://n2t.net/ark:/15052/67c1d721-8ca5-490c-b2e0-6c9f9228ac6c,Religious Order,"['O.P.', 'OP', 'Dominicanessen van de Heilige Familie OP', 'Dominicanessen van de Heilige Familie, Jezus, Maria en Jozef', 'Dominicanessen van Neerbosch']",http://www.wikidata.org/entity/Q114766474,"""Brabant Cloud ARK Identifier"""
6fbca2e0-2af3-564b-bcc0-156d2a894dd3,religious_order,0,Montfortanen,Primary,Nederlands,https://n2t.net/ark:/15052/c2b93604-7abc-4ffb-804b-994ca83c617e,Religious Order,"['Montfortanen SMM', 'S.M.M.', 'Paters Montfortanen', 'Compagnie de Marie', 'Missionarissen van het Gezelschap van Maria', 'Gezelschap van Maria', 'SMM', 'Societas Mariae Montfortana']",https://www.wikidata.org/entity/Q1246707,"""Brabant Cloud ARK Identifier"""
deacc0c5-d09b-56bf-8524-bdaa09598c0c,religious_order,0,De Zusters van Barmhartigheid (Maastricht),Primary,Nederlands,https://n2t.net/ark:/15052/5e62c2b1-016c-4c80-b877-1f1d55b38d03,Religious Order,,,
4fc9dc4d-3bc3-561a-bdf1-06e1f4f3fb67,religious_order,0,Benedictinessen,Primary,Nederlands,https://n2t.net/ark:/15052/58a2d3b2-d9aa-456f-b7e5-dcd1a361b283,Religious Order,"['O.S.B.', 'Orde van Sint Benedictus', 'Orde van St. Benedictus', 'Benedictinessen van Oosterhout', 'Benedictinessen van Solesmes', 'Benedictinessen OSB', 'Ordo Sancti Benedicti', 'OSB', 'Orde van Sint-Benedictus']",https://www.wikidata.org/entity/Q131132,"""Brabant Cloud ARK Identifier"""
6ef27234-226c-5a85-a3c4-5bffd1ef36af,religious_order,0,Zusters van de Goddelijke Voorzienigheid (Steyl),Primary,Nederlands,https://n2t.net/ark:/15052/ba90e00c-daf1-4f22-98d9-bb98068b3bfa,Religious Order,"['Zusters van de Goddelijke Voorzienigheid van Steyl', 'Zusters van Steyl', 'Congregatie van de Zusters van de Zusters van de Goddelijke Voorzienigheid', 'Zusters van de Goddelijke Voorzienigheid (Tegelen)']",,
1f3dd7b2-aa51-54d2-b973-0b8aa8fe4cab,religious_order,0,Franciscanessen van de Heilige Jozef,Primary,Nederlands,https://n2t.net/ark:/15052/e5f841c4-5839-4b3a-8393-47895d4f6e26,Religious Order,"['Franciscanessen van St. Jozef', 'Zusters van Valkenburg', 'Zwarte Zusters', 'Franciscanessen van de H. Jozef', 'Franciscanessen van de H. Jozef FSJ', 'Franciscanessen van Sint Jozef', 'Franciscanessen van Sint-Jozef', 'F.S.J.', 'FSJ', 'Barmhartige Zusters van de Derde Orde van de H. Franciscus van Assisi', 'Barmhartige Zusters van de Derde Orde van de Heilige Franciscus van Assisi', 'Franciscanessen van de H. Josef', 'Franciscanessen van de Heilige Josef', 'Zusters van Schin-op-Geulle', 'Franciscanessen van de Heilige Jozef FSJ']",,
3ad74303-db00-5f7e-817f-1cdabbb76001,religious_order,0,Karmelieten,Primary,Nederlands,https://n2t.net/ark:/15052/69718d45-8f79-44b3-9f42-325df862e64a,Religious Order,"['Geschoeide Karmelieten', 'Orde van Onze Lieve Vrouw van de Berg Karmel', 'Orde van de Broeders van O.L. Vrouw van de berg Karmel', 'Orde van de Broeders van Onze Lieve Vrouw van de berg Karmel', 'Ordo Carmelitarum', 'Ordo Fratrum et Sororum Beatae Mariae Virginis de Monte Carmelo', 'Carmelieten', 'Karmelietenpaters', 'Karmelietessen', 'Karmelitessen', 'O.carm.', 'Ocarm', 'Orde van O.L. Vrouw van de Berg Karmel', 'Karmelieten OCARM']",http://www.wikidata.org/entity/Q186277,"""Brabant Cloud ARK Identifier"""
02ade9b9-9f09-5047-b218-d6dea6bdbec8,religious_order,0,Missionarissen van Mill Hill,Primary,Nederlands,https://n2t.net/ark:/15052/89eef2cc-218b-42db-809e-b48191e53e4c,Religious Order,"['Fathers van Mill Hill', 'S.S.J.', 'SSJ', 'Societas Missionariorum a S. Joseph', 'Missiegenootschap van Sint-Jozef', 'Missiegenootschap van Sint Jozef', 'Missiegenootschap van St. Jozef', ""St. Joseph's Foreign Missionary Society"", 'Societas Sancti Josephi pro Missionibus exteris de Mill Hill apud Londinum', 'M.H.M.', 'MHM', 'Missionarissen van Mill Hill MHM', 'Sint Jozef Congregatie van Mill Hill', 'Sint-Jozef Congregatie van Mill Hill', 'St. Jozef Congregatie van Mill Hill', 'Congregatie van Missionarissen van Mill Hill', 'Paters van Mill Hill', 'St. Joseph’s Congregatie voor Vreemde Missiën', 'St. Josephs Congregatie van Mill Hill']",http://www.wikidata.org/entity/Q119018,"""Brabant Cloud ARK Identifier"""
047ddd61-6542-597b-938b-c7286dba6307,religious_order,0,Franciscanessen van Mill Hill,Nederlands,Nederlands,https://n2t.net/ark:/15052/1a6d8497-f909-4d4e-be00-67cf9d72877d,Religious Order,"['F.M.S.J.', 'FMSJ', 'Franciscanessen Missiezusters van de H. Joseph van Mill Hill', 'Franciscanessen Missiezusters van de Heilige Joseph van Mill Hill', 'Mill Hill-Zusters']",http://www.wikidata.org/entity/Q3977243,Brabant Cloud ARK Identifier
06067dfc-8466-5732-8e79-10315c3cb9f1,religious_order,0,Congregatie van het Heilig Sacrament,Primary,Nederlands,https://n2t.net/ark:/15052/5bca7081-fea6-4dde-ba2d-6baf2690951b,Religious Order,"['Paters van het Allerheiligst Sacrament SSS', 'Congregatie van het H. Sacrament', 'Paters sacramentijnen', 'Paters van Brakkenstein', 'Sacramentijnen', 'S.S.S.', 'Societas Sanctissimi Sacramenti', 'SSS', 'Gemeenschap van het H. Sacrament', 'Gemeenschap van het Heilig Sacrament', 'Congregatie van het Allerheiligste Sacrament']",http://www.wikidata.org/entity/Q1372182,"""Brabant Cloud ARK Identifier"""
614c04b3-c54c-539e-9318-e69a44c6067c,religious_order,0,Sociëteit voor Afrikaanse Missiën,Nederlands,Nederlands,https://n2t.net/ark:/15052/dc22d92f-af4a-4e51-a7ad-76e93839bd5b,Religious Order,"['Missionarissen van Cadier en Keer', 'S.M.A.', 'SMA', 'Societas Missionum ad Afros', 'Sociëteit voor Afrikaanse Missiën SMA']",http://www.wikidata.org/entity/Q1518370,Brabant Cloud ARK Identifier
83e5d177-02ba-500f-9c8b-9cb59afee307,religious_order,0,Congregatie van Onze Lieve Vrouw van Liefde van de Goede Herder,Nederlands,Nederlands,https://n2t.net/ark:/15052/592a3124-9aff-4d57-b141-cad6a1fc6f84,Religious Order,"['Congregatie van O.L. Vrouw van Liefde van de Goede Herder', 'Zusters van de Goede Herder', 'Zusters van O.L. Vrouw van Liefde van de Goede Herder  / diverse', 'Zusters van Onze Lieve Vrouw van Liefde van de Goede Herder']",http://www.wikidata.org/entity/Q276590,Brabant Cloud ARK Identifier
66136115-bdd5-5948-94ce-731a5c7ad2e2,religious_order,0,Clarissen-Capucinessen,Nederlands,Nederlands,https://n2t.net/ark:/15052/b49d1f35-8758-4b4e-b4cb-ff05f2affea4,Religious Order,"['OCCap', 'Ordo Clarissarum Capucinarum', 'Orde der Clarissen-Capucinessen']",http://www.wikidata.org/entity/Q691196,Brabant Cloud ARK Identifier
7e993f94-b89d-568a-9b5d-3201643350ee,religious_order,0,Zusters Augustinessen van Sint-Monica,Nederlands,Nederlands,https://n2t.net/ark:/15052/d3798a19-5e02-42f7-a223-e9c0fb2cabb8,Religious Order,"['Augustinessen van Sint Monica', 'Augustinessen van St. Monica', 'Augustinessen van Sint-Monica', 'O.S.A.', 'OSA', 'Zusters Augustinessen van St. Monica', 'Zusters Augustinessen van Sint Monica']",https://www.wikidata.org/entity/Q2586537,Brabant Cloud ARK Identifier
f27246b0-6d46-5e50-b2f7-e30da2f6bfe6,religious_order,0,Alexianen (Cellebroeders),Primary,Nederlands,https://n2t.net/ark:/15052/a522f75b-0f62-4695-a125-ac94e8641d27,Religious Order,"['Broeders Alexianen', 'Congregatio Fratrum Alexianorum Cellitarum', 'C.F.A.', 'Cellebroeders', 'Cellieten', 'Arme broeders', 'Lollarden', 'Alexianen', 'Congregatio Fratrum Alexianorum', 'CFA']",http://www.wikidata.org/entity/Q622385,"""Brabant Cloud ARK Identifier"""
87713c53-fffa-5745-8a81-d412ed3a2de7,religious_order,0,Missiezusters Dienaressen van de Heilige Geest,Primary,Nederlands,https://n2t.net/ark:/15052/c718e50b-91a0-4330-8a5e-abc9f654b3ec,Religious Order,"['CMSSpS', 'Zusters van Steyl', 'Dienaressen van de H. Geest', 'Dienaressen van de Heilige Geest', 'Blauwe Zusters van Steyl-Baexem', 'C.M.S.Sp.S', 'Congregatio Missionalis Servarum Spiritus Sanctis', 'Missiecongregatie van de Dienaressen van de H. Geest', 'Missiecongregatie van de Dienaressen van de Heilige Geest', 'Missiezusters Dienaressen van de H. Geest', 'Missiezusters van Steyl', 'S.Sp.S', 'SSpS', 'SSPS', 'Servarum Spiritus Sancti', 'Blauwe Zusters']",http://www.wikidata.org/entity/Q697020,"""Brabant Cloud ARK Identifier"""
9a6fff2e-a4e8-55ad-8661-a467367cb272,religious_order,0,Zusters van de Orde van Onze Lieve vrouw Visitatie,Primary,Nederlands,https://n2t.net/ark:/15052/bb22a7c4-d82e-448a-8722-310d9a610c02,Religious Order,"['Visitandinnen', 'Orde van Maria Visitatie', 'Ordo Visitatio Mariae', 'OVM']",https://www.wikidata.org/entity/Q864271,"""Brabant Cloud ARK Identifier"""
5aee35f6-1aac-58e0-bdf8-7279a39cf74a,religious_order,0,Norbertijnen,Primary,Nederlands,https://n2t.net/ark:/15052/9ba0e276-bd38-4078-a9b5-559fd2c60207,Religious Order,"['Norbertijnen OPRAEM', 'Norbertijnen', 'Premonstratenzers', 'O. Praem.', 'Ordo Canonici Regularis Praemonstratensis', 'Witheren', 'Praemonstratenzers', 'Orde der Premonstratenzers', 'OPraem', 'OPRAEM', 'Orde der Reguliere Kanunniken van Prémontré', 'Orde van Premonstreit']",http://www.wikidata.org/entity/Q339332,"""Brabant Cloud ARK Identifier"""
55755662-dd9a-5172-8951-7427fc25fa73,religious_order,0,Reguliere Kanunnikessen van de Heilige Augustinus,Nederlands,Nederlands,https://n2t.net/ark:/15052/41e57a0e-06ab-4294-b120-ad0eff16c536,Religious Order,"['Kanunnikessen van de Heilige Augustinus van de Congregatie van Onze Lieve Vrouw', 'Kanunnikessen van de H. Augustinus van de Congregatie van O.L. Vrouw', 'Reguliere Kanunnikessen van de H. Augustinus', 'Kanunnikessen van de H. Augustinus', 'Kanunnikessen van de Heilige Augustinus', 'Kanunnikessen van Sint-Augustinus van de Congregatie van Onze-Lieve-Vrouw', 'C.B.M.V.', 'CBMV', 'Chanoinesses Régulières de St. Augustin de la Congrégation de Notre-Dame', 'Ordinis Canonissarum Regularium Sancti Augustini Congregationis Nostrae Dominae']",http://www.wikidata.org/entity/Q643865,Brabant Cloud ARK Identifier
eca58b84-b9ac-55aa-9ec1-843fa7c6b320,religious_order,0,Wilhelmieten,Nederlands,Nederlands,https://n2t.net/ark:/15052/c6bd6f76-ba97-449a-97c1-b2601d5077bb,Religious Order,"['Baselaars', 'Willemieten', 'Guilielmieten']",http://www.wikidata.org/entity/Q2004943,Brabant Cloud ARK Identifier
46996f9d-b2db-548e-bb15-412388e92681,religious_order,0,Franciscanessen van Bennebroek,Primary,Nederlands,https://n2t.net/ark:/15052/1ef2c09b-021b-4780-8cc6-6dd9ed6cedc4,Religious Order,"['Bruine zusters', 'Franciscanessen van Sint-Lucia', 'Penitenten der Derde Orde van de Heilige Vader Franciscus', 'Religieuzen-Penitenten der Derde Orde van de Heilige Franciscus', 'Franciscanessen van Sint Lucia', 'Franciscanessen van St. Lucia']",,
b702c14b-8ba9-5284-a9c6-2d9f8ad059dd,religious_order,0,Bogarden van de derde regel van Sint-Franciscus,Nederlands,Nederlands,https://n2t.net/ark:/15052/5a4ac6ff-58c1-424e-b5c0-adba68e2641c,Religious Order,Begharden,,
0bcde893-7860-5e3d-b6a0-303cf2c24300,religious_order,0,Zusters van de Grieks-Orthodoxe Kerk,Primary,Nederlands,https://n2t.net/ark:/15052/f154fa02-fd95-402a-adc1-e2e1dbea509b,Religious Order,Zusters van de Orthodoxe Kerk,,
1fd7b741-60fd-5411-a5d8-7d9abc0aea9d,religious_order,0,Dochters van de Heilige Geest,Primary,Nederlands,https://n2t.net/ark:/15052/f96f1d78-95d4-4860-8dcb-966f18300190,Religious Order,"['Dochters van de H. Geest', 'F.S.E.', 'FSE']",http://www.wikidata.org/entity/Q257709,"""Brabant Cloud ARK Identifier"""
ea8b8433-b0ba-5f50-91cb-2cfc141dee8b,religious_order,0,Redemptoristinnen,Primary,Nederlands,https://n2t.net/ark:/15052/60c1fb27-17e1-476c-a2f3-be0685d92530,Religious Order,"['Rode nonnen', 'Orde van de Allerheiligste Verlosser', 'Ordo Sanctissimi Redemptoris', 'Redemptoristinnen OSsR', 'Zusters Redemptoristinnen', 'O.Ss.R.', 'OSsR']",http://www.wikidata.org/entity/Q3824605,"""Brabant Cloud ARK Identifier"""
704a8576-ac4c-59f2-af1f-2074672ec190,religious_order,0,Benedictijnen,Nederlands,Nederlands,https://n2t.net/ark:/15052/f75f91be-c291-42a4-9b75-81a861b6b0e3,Religious Order,"['O.S.B.', 'Orde van Sint Benedictus', 'Orde van St. Benedictus', 'Orde der Benedictijnen', 'Confoederatio Benedictina', 'Ordo Sancti Benedicti', 'OSB', 'Orde van Sint-Benedictus', 'Benedictijnen OSB', 'Zwarte monniken', 'Orde van de H. Benedictus', 'Orde van de Heilige Benedictus']",http://www.wikidata.org/entity/Q131132,Brabant Cloud ARK Identifier
d0b9126f-eea8-5ca7-9a70-d8e99d2eb2b1,religious_order,0,Monniken van de Orthodoxe Kerk van de Heilige Profeet Elias aan de Nimrod,Primary,Nederlands,https://n2t.net/ark:/15052/e4bcaf32-c8bc-4856-84ba-79009f1efd98,Religious Order,,,
4bd0fa0a-2549-55e2-bc2c-3e9519c83332,religious_order,0,Clarissen,Primary,Nederlands,https://n2t.net/ark:/15052/201adba0-6f29-4bcb-93c6-2fe059680204,Religious Order,"['Zusters van de Tweede Orde van St. Franciscus', 'Clarissen-Urbanisten', 'Zusters van de Tweede Orde van Sint-Franciscus', 'Zusters van de Tweede Orde van Sint Franciscus', 'O.S.C.', 'Orde der Clarissen', 'OSC', 'Arme Claren', 'Arme Clarissen', 'Arme Klaren', 'Klarissen', 'Ordo Sanctae Clarae', 'Rijke Klaren', 'Urbanisten', 'Clarissen OSC']",http://www.wikidata.org/entity/Q733658,"""Brabant Cloud ARK Identifier"""
a7edc4c3-31e3-5081-bb73-a7378d440d9c,religious_order,0,Orde van het Heilig Kruis,Nederlands,Nederlands,https://n2t.net/ark:/15052/a49a49aa-d7c9-42ee-b952-790b2d3a8c4d,Religious Order,"['O.S.C.', 'OSC', 'Kruisheren', 'Ordo Sanctae Crucis', 'Kruisbroeders', 'Reguliere Kanunniken van het H. Kruis', 'Reguliere Kanunniken van het Heilig Kruis', 'Orde van het H. Kruis']",http://www.wikidata.org/entity/Q743433,Brabant Cloud ARK Identifier
e7b69e6d-3c58-50f4-83e3-c0cb1eaffc46,religious_order,0,Kartuizers,Primary,Nederlands,https://n2t.net/ark:/15052/ea56bf5f-878e-42da-80ef-271d5077785a,Religious Order,"['Karthuizers', 'O.Cart', 'OCart', 'Orde der Kartuizers', 'Ordo Cartusiensis']",https://www.wikidata.org/entity/Q220979,"""Brabant Cloud ARK Identifier"""
3453b86b-e9b1-5cef-afed-74940126e98c,religious_order,0,Zwarte Zusters van de Heilige Augustinus,Nederlands,Nederlands,https://n2t.net/ark:/15052/c0d5b42b-c15b-4a54-84bf-b83e0d163793,Religious Order,"['Zusters Alexianen CFAC', 'Cellezusters', 'Cellitinnen', 'Zwartzusters', 'Celzusters', 'Congregatie van de Zwarte Zusters van de H. Augustinus', 'Congregatie van de Zwarte Zusters van de Heilige Augustinus', 'Zusters Alexianen', 'Zwarte Zusters van de H. Augustinus']",http://www.wikidata.org/entity/Q231768,Brabant Cloud ARK Identifier
73b25ccf-26ec-563a-8ca0-3f471ae09846,religious_order,0,Zusters Dienaressen Jezus Christus Priester,Primary,Nederlands,https://n2t.net/ark:/15052/567fe70e-7693-48bf-a893-5d1fb1030411,Religious Order,"['Dienaressen Jezus Christus Priester', 'Dienaressen J.C. Priester']",,
264ca73d-c641-5f9b-b355-cbad366e5ec0,religious_order,0,Karmelietessen van het Goddelijk Hart van Jezus,Primary,Nederlands,https://n2t.net/ark:/15052/81d81c6f-7df3-477e-86f5-73a68dc4a3ea,Religious Order,"['D.C.J.', 'DCJ', 'Karmelitessen DCJ', 'Karmelitessen van het Goddelijk Hart van Jezus', 'Karmelitessen van het H. Hart van Jezus', 'Karmelitessen van het Heilig Hart van Jezus', 'Zusters van de Kollenberg']",http://www.wikidata.org/entity/Q647968,"""Brabant Cloud ARK Identifier"""
b59522d9-b393-507b-a3fe-a755a9c6c5ae,religious_order,0,Orde van de Annunciatie van de Gezegende Maagd Maria,Primary,Nederlands,https://n2t.net/ark:/15052/3670df3c-6ffc-43a5-9406-cbb23a1c6732,Religious Order,"['Annunciaten', 'Annonciaden', 'Annunciaden', 'Annuntiaten', 'O.Ann.M.', 'OAnnM', 'Ordo de Annuntiatione Beatæ Mariæ Virginis', 'Zusters annunciaten', 'Zusters van de Tien Deugden van Maria']",https://www.wikidata.org/wiki/Q567410,"""Brabant Cloud ARK Identifier"""
